competition,round,home,away,winner
pokal,1,schoenebeck,rostock,schoenebeck
pokal,1,babelsberg,bfc,bfc
pokal,1,neustrelitz,union,union
pokal,1,fuerstenwalde,zwickau,fuerstenwalde
pokal,1,greifswald,brandenburg,greifswald
pokal,1,gera,erfurt,erfurt
pokal,1,schwerin,magdeburg,schwerin
pokal,1,neubrandenburg,halle,neubrandenburg
pokal,1,ludwigsfelde,bischofswerda,ludwigsfelde
pokal,1,rotation,thale,rotation
pokal,1,halle2,kms,kms
pokal,1,weimar,dresden,dresden
pokal,1,stendal,lok,stendal
pokal,1,brieske,jena,jena
pokal,1,eisenh,aue,aue
pokal,1,weida,cottbus,cottbus
pokal,2,schoenebeck,bfc,bfc
pokal,2,union,fuerstenwalde,union
pokal,2,greifswald,erfurt,erfurt
pokal,2,schwerin,neubrandenburg,schwerin
pokal,2,ludwigsfelde,rotation,ludwigsfelde
pokal,2,kms,dresden,kms
pokal,2,stendal,jena,jena
pokal,2,aue,cottbus,aue
pokal,3,union,bfc,bfc
pokal,3,schwerin,erfurt,erfurt
pokal,3,aue,jena,aue
pokal,3,kms,ludwigsfelde,kms
pokal,4,bfc,erfurt,bfc
pokal,4,aue,kms,kms
pokal,5,bfc,kms,
cc,1,hamrun-spartans,kf-tirane,kf-tirane
cc,1,pezoporikos-larnaca,ifk-goeteborg,ifk-goeteborg
cc,1,ac-sparta-praha,fcsb,fcsb
cc,1,spartak-moskva,glentoran-fc,spartak-moskva
cc,1,club-brugge-kv,broendby-if,club-brugge-kv
cc,1,valur-reykjavik,as-monaco,as-monaco
cc,1,ae-larissa,neuchatel-xamax-fcs,neuchatel-xamax-fcs
cc,1,rapid-wien,galatasaray,galatasaray
cc,1,fc-porto,hjk-helsinki,fc-porto
cc,1,gornik-zabrze,jeunesse-esch,gornik-zabrze
cc,1,real-madrid,moss-fk,real-madrid
cc,1,budapest-honved,celtic-fc,celtic-fc
cc,1,bfc,werder-bremen,werder-bremen
cc,1,levski-sofia,ac-milan,ac-milan
cc,1,dundalk-fc,crvena-zvezda,crvena-zvezda
cc,2,kf-tirane,ifk-goeteborg,ifk-goeteborg
cc,2,fcsb,spartak-moskva,fcsb
cc,2,club-brugge-kv,as-monaco,as-monaco
cc,2,neuchatel-xamax-fcs,galatasaray,galatasaray
cc,2,psv-eindhoven,fc-porto,psv-eindhoven
cc,2,gornik-zabrze,real-madrid,real-madrid
cc,2,celtic-fc,werder-bremen,werder-bremen
cc,2,ac-milan,crvena-zvezda,ac-milan
cc,3,ifk-goeteborg,fcsb,fcsb
cc,3,as-monaco,galatasaray,galatasaray
cc,3,psv-eindhoven,real-madrid,real-madrid
cc,3,werder-bremen,ac-milan,ac-milan
cc,4,fcsb,galatasaray,fcsb
cc,4,real-madrid,ac-milan,ac-milan
cc,5,fcsb,ac-milan,
cc,1,psv-eindhoven,,psv-eindhoven
cwc,1,derry-city,cardiff-city,cardiff-city
cwc,1,glenavon-fc,aarhus-gf,aarhus-gf
cwc,1,fram-reykjavik,fc-barcelona,fc-barcelona
cwc,1,flamurtari-vlore,lech-poznan,lech-poznan
cwc,1,inter-bratislava,cska-sofia,cska-sofia
cwc,1,omonia-nikosia,panathinaikos,panathinaikos
cwc,1,roda-jc-kerkrade,vitoria-guimaraes,roda-jc-kerkrade
cwc,1,borac-banja-luka,metalist-kharkiv,metalist-kharkiv
cwc,1,grasshopper-club-zuerich,eintracht-frankfurt,eintracht-frankfurt
cwc,1,sakaryaspor,bekescsaba-1912-eloere-se,sakaryaspor
cwc,1,kv-mechelen,avenir-beggen,kv-mechelen
cwc,1,fc-metz,rsc-anderlecht,rsc-anderlecht
cwc,1,floriana-fc,dundee-united,dundee-united
cwc,1,fc-dinamo-bucuresti,fc-kuusysi-old,fc-dinamo-bucuresti
cwc,1,jena,kremser-sc,jena
cwc,1,ifk-norrkoeping,sampdoria,sampdoria
cwc,2,cardiff-city,aarhus-gf,aarhus-gf
cwc,2,fc-barcelona,lech-poznan,fc-barcelona
cwc,2,cska-sofia,panathinaikos,cska-sofia
cwc,2,roda-jc-kerkrade,metalist-kharkiv,roda-jc-kerkrade
cwc,2,eintracht-frankfurt,sakaryaspor,eintracht-frankfurt
cwc,2,kv-mechelen,rsc-anderlecht,kv-mechelen
cwc,2,dundee-united,fc-dinamo-bucuresti,fc-dinamo-bucuresti
cwc,2,jena,sampdoria,sampdoria
cwc,3,aarhus-gf,fc-barcelona,fc-barcelona
cwc,3,cska-sofia,roda-jc-kerkrade,cska-sofia
cwc,3,eintracht-frankfurt,kv-mechelen,kv-mechelen
cwc,3,fc-dinamo-bucuresti,sampdoria,sampdoria
cwc,4,fc-barcelona,cska-sofia,fc-barcelona
cwc,4,kv-mechelen,sampdoria,sampdoria
cwc,5,fc-barcelona,sampdoria,
uefa,1,vfb-stuttgart,tatabanya-fc,vfb-stuttgart
uefa,1,royal-antwerp-fc,1-fc-koeln,1-fc-koeln
uefa,1,bayern-muenchen,legia-warszawa,bayern-muenchen
uefa,1,bayer-leverkusen,os-belenenses,os-belenenses
uefa,1,as-roma,1-fc-nuernberg,as-roma
uefa,1,fc-groningen,atletico-madrid,fc-groningen
uefa,1,fc-aarau,lok,lok
uefa,1,st-patricks-athletic,heart-of-midlothian,heart-of-midlothian
uefa,1,fk-zalgiris,austria-wien,austria-wien
uefa,1,sporting-cp,afc-ajax,sporting-cp
uefa,1,real-sociedad,fk-pribram,real-sociedad
uefa,1,union-luxembourg,rfc-liege,rfc-liege
uefa,1,inter,ik-brage,inter
uefa,1,ia-akranes,ujpest-fc,ujpest-fc
uefa,1,rangers-fc,gks-katowice,rangers-fc
uefa,1,aberdeen-fc,dresden,dresden
uefa,1,dnipro-dnipropetrovsk,girondins-bordeaux,girondins-bordeaux
uefa,1,oesters-if,fc-dac-1904,fc-dac-1904
uefa,1,tps-turku,linfield-fc,tps-turku
uefa,1,molde-fk,ksv-waregem,ksv-waregem
uefa,1,malmoe-ff,torpedo-moskva,malmoe-ff
uefa,1,first-vienna-fc,ikast-fs,first-vienna-fc
uefa,1,otelul-galati,juventus,juventus
uefa,1,velez-mostar,apoel-nikosia,velez-mostar
uefa,1,aek-athen,athletic-club,athletic-club
uefa,1,montpellier-hsc,sl-benfica,sl-benfica
uefa,1,sliema-wanderers,victoria-bucuresti,victoria-bucuresti
uefa,1,ssc-napoli,paok-saloniki,ssc-napoli
uefa,1,partizan,slavia-sofia,partizan
uefa,1,servette-fc,sturm-graz,servette-fc
uefa,1,botev-plovdiv,dinamo-minsk,dinamo-minsk
uefa,1,besiktas,dinamo-zagreb,dinamo-zagreb
uefa,2,bayern-muenchen,fc-dac-1904,bayern-muenchen
uefa,2,1-fc-koeln,rangers-fc,1-fc-koeln
uefa,2,dinamo-zagreb,vfb-stuttgart,vfb-stuttgart
uefa,2,partizan,as-roma,as-roma
uefa,2,velez-mostar,os-belenenses,velez-mostar
uefa,2,sporting-cp,real-sociedad,real-sociedad
uefa,2,heart-of-midlothian,austria-wien,heart-of-midlothian
uefa,2,lok,ssc-napoli,ssc-napoli
uefa,2,ujpest-fc,girondins-bordeaux,girondins-bordeaux
uefa,2,juventus,athletic-club,juventus
uefa,2,dresden,ksv-waregem,dresden
uefa,2,first-vienna-fc,tps-turku,tps-turku
uefa,2,malmoe-ff,inter,inter
uefa,2,rfc-liege,sl-benfica,rfc-liege
uefa,2,fc-groningen,servette-fc,fc-groningen
uefa,2,dinamo-minsk,victoria-bucuresti,victoria-bucuresti
uefa,3,bayern-muenchen,inter,bayern-muenchen
uefa,3,real-sociedad,1-fc-koeln,real-sociedad
uefa,3,fc-groningen,vfb-stuttgart,vfb-stuttgart
uefa,3,heart-of-midlothian,velez-mostar,heart-of-midlothian
uefa,3,girondins-bordeaux,ssc-napoli,ssc-napoli
uefa,3,dresden,as-roma,dresden
uefa,3,rfc-liege,juventus,juventus
uefa,3,victoria-bucuresti,tps-turku,victoria-bucuresti
uefa,4,vfb-stuttgart,real-sociedad,vfb-stuttgart
uefa,4,heart-of-midlothian,bayern-muenchen,bayern-muenchen
uefa,4,juventus,ssc-napoli,ssc-napoli
uefa,4,victoria-bucuresti,dresden,dresden
uefa,5,ssc-napoli,bayern-muenchen,ssc-napoli
uefa,5,vfb-stuttgart,dresden,vfb-stuttgart
uefa,6,ssc-napoli,vfb-stuttgart,
