club,name,role
a1,Player Alpha City 1,G
a1,Player Alpha City 2,G
a1,Player Alpha City 3,D
a1,Player Alpha City 4,D
a2,Player Alpha United 1,G
a2,Player Alpha United 2,G
a2,Player Alpha United 3,D
a2,Player Alpha United 4,D
a3,Player Alpha Rovers 1,G
a3,Player Alpha Rovers 2,G
a3,Player Alpha Rovers 3,D
a3,Player Alpha Rovers 4,D
a4,Player Alpha Athletic 1,G
a4,Player Alpha Athletic 2,G
a4,Player Alpha Athletic 3,D
a4,Player Alpha Athletic 4,D
a5,Player Alpha Town 1,G
a5,Player Alpha Town 2,G
a5,Player Alpha Town 3,D
a5,Player Alpha Town 4,D
a6,Player Alpha Sport 1,G
a6,Player Alpha Sport 2,G
a6,Player Alpha Sport 3,D
a6,Player Alpha Sport 4,D
a7,Player Alpha 1920 1,G
a7,Player Alpha 1920 2,G
a7,Player Alpha 1920 3,D
a7,Player Alpha 1920 4,D
a8,Player Alpha Wanderers 1,G
a8,Player Alpha Wanderers 2,G
a8,Player Alpha Wanderers 3,D
a8,Player Alpha Wanderers 4,D
